[{"fields": {"name": "Computer Science", "year": 2014}, "model": "course_wizard.degree", "pk": 1}, {"fields": {"name": "CSCI-1010", "degree": 1}, "model": "course_wizard.degreerequirement", "pk": 1}, {"fields": {"name": "CSCI-2200", "degree": 1}, "model": "course_wizard.degreerequirement", "pk": 2}, {"fields": {"requirement": 1, "crn": "CSCI-1010"}, "model": "course_wizard.degreerequirementoption", "pk": 1}, {"fields": {"requirement": 2, "crn": "CSCI-2200"}, "model": "course_wizard.degreerequirementoption", "pk": 2}, {"fields": {"prereqs": "", "credit_hours": 4.0, "crn": "CSCI-1010", "timeslot": 1}, "model": "course_wizard.course", "pk": 1}, {"fields": {"prereqs": "", "credit_hours": 4.0, "crn": "CSCI-1010", "timeslot": 2}, "model": "course_wizard.course", "pk": 2}, {"fields": {"prereqs": "", "credit_hours": 4.0, "crn": "CSCI-1100", "timeslot": 3}, "model": "course_wizard.course", "pk": 3}, {"fields": {"prereqs": "", "credit_hours": 4.0, "crn": "CSCI-1100", "timeslot": 4}, "model": "course_wizard.course", "pk": 4}, {"fields": {"prereqs": "", "credit_hours": 4.0, "crn": "CSCI-1100", "timeslot": 5}, "model": "course_wizard.course", "pk": 5}, {"fields": {"prereqs": "", "credit_hours": 4.0, "crn": "CSCI-1100", "timeslot": 6}, "model": "course_wizard.course", "pk": 6}, {"fields": {"prereqs": "", "credit_hours": 4.0, "crn": "CSCI-1100", "timeslot": 7}, "model": "course_wizard.course", "pk": 7}, {"fields": {"prereqs": "", "credit_hours": 4.0, "crn": "CSCI-1100", "timeslot": 8}, "model": "course_wizard.course", "pk": 8}, {"fields": {"prereqs": "", "credit_hours": 4.0, "crn": "CSCI-1100", "timeslot": 9}, "model": "course_wizard.course", "pk": 9}, {"fields": {"prereqs": "", "credit_hours": 4.0, "crn": "CSCI-1100", "timeslot": 10}, "model": "course_wizard.course", "pk": 10}, {"fields": {"prereqs": "", "credit_hours": 4.0, "crn": "CSCI-1100", "timeslot": 11}, "model": "course_wizard.course", "pk": 11}, {"fields": {"prereqs": "", "credit_hours": 4.0, "crn": "CSCI-1100", "timeslot": 12}, "model": "course_wizard.course", "pk": 12}, {"fields": {"prereqs": "", "credit_hours": 4.0, "crn": "CSCI-1100", "timeslot": 13}, "model": "course_wizard.course", "pk": 13}, {"fields": {"prereqs": "", "credit_hours": 4.0, "crn": "CSCI-1100", "timeslot": 14}, "model": "course_wizard.course", "pk": 14}, {"fields": {"prereqs": "", "credit_hours": 4.0, "crn": "CSCI-1100", "timeslot": 15}, "model": "course_wizard.course", "pk": 15}, {"fields": {"prereqs": "", "credit_hours": 4.0, "crn": "CSCI-1100", "timeslot": 16}, "model": "course_wizard.course", "pk": 16}, {"fields": {"prereqs": "", "credit_hours": 4.0, "crn": "CSCI-1100", "timeslot": 17}, "model": "course_wizard.course", "pk": 17}, {"fields": {"prereqs": "", "credit_hours": 1.0, "crn": "CSCI-1190", "timeslot": 18}, "model": "course_wizard.course", "pk": 18}, {"fields": {"prereqs": "", "credit_hours": 1.0, "crn": "CSCI-1190", "timeslot": 19}, "model": "course_wizard.course", "pk": 19}, {"fields": {"prereqs": "", "credit_hours": 1.0, "crn": "CSCI-1190", "timeslot": 20}, "model": "course_wizard.course", "pk": 20}, {"fields": {"prereqs": "", "credit_hours": 1.0, "crn": "CSCI-1190", "timeslot": 21}, "model": "course_wizard.course", "pk": 21}, {"fields": {"prereqs": "", "credit_hours": 1.0, "crn": "CSCI-1190", "timeslot": 22}, "model": "course_wizard.course", "pk": 22}, {"fields": {"prereqs": "", "credit_hours": 1.0, "crn": "CSCI-1190", "timeslot": 23}, "model": "course_wizard.course", "pk": 23}, {"fields": {"prereqs": "", "credit_hours": 4.0, "crn": "CSCI-1200", "timeslot": 24}, "model": "course_wizard.course", "pk": 24}, {"fields": {"prereqs": "", "credit_hours": 4.0, "crn": "CSCI-1200", "timeslot": 25}, "model": "course_wizard.course", "pk": 25}, {"fields": {"prereqs": "", "credit_hours": 4.0, "crn": "CSCI-1200", "timeslot": 26}, "model": "course_wizard.course", "pk": 26}, {"fields": {"prereqs": "", "credit_hours": 4.0, "crn": "CSCI-1200", "timeslot": 27}, "model": "course_wizard.course", "pk": 27}, {"fields": {"prereqs": "", "credit_hours": 4.0, "crn": "CSCI-1200", "timeslot": 28}, "model": "course_wizard.course", "pk": 28}, {"fields": {"prereqs": "", "credit_hours": 4.0, "crn": "CSCI-1200", "timeslot": 29}, "model": "course_wizard.course", "pk": 29}, {"fields": {"prereqs": "", "credit_hours": 4.0, "crn": "CSCI-1200", "timeslot": 30}, "model": "course_wizard.course", "pk": 30}, {"fields": {"prereqs": "", "credit_hours": 4.0, "crn": "CSCI-2200", "timeslot": 31}, "model": "course_wizard.course", "pk": 31}, {"fields": {"prereqs": "", "credit_hours": 4.0, "crn": "CSCI-2200", "timeslot": 32}, "model": "course_wizard.course", "pk": 32}, {"fields": {"prereqs": "", "credit_hours": 4.0, "crn": "CSCI-2200", "timeslot": 33}, "model": "course_wizard.course", "pk": 33}, {"fields": {"prereqs": "", "credit_hours": 4.0, "crn": "CSCI-2300", "timeslot": 34}, "model": "course_wizard.course", "pk": 34}, {"fields": {"prereqs": "", "credit_hours": 4.0, "crn": "CSCI-2300", "timeslot": 35}, "model": "course_wizard.course", "pk": 35}, {"fields": {"prereqs": "", "credit_hours": 4.0, "crn": "CSCI-2300", "timeslot": 36}, "model": "course_wizard.course", "pk": 36}, {"fields": {"prereqs": "", "credit_hours": 4.0, "crn": "CSCI-2300", "timeslot": 37}, "model": "course_wizard.course", "pk": 37}, {"fields": {"prereqs": "", "credit_hours": 4.0, "crn": "CSCI-2300", "timeslot": 38}, "model": "course_wizard.course", "pk": 38}, {"fields": {"prereqs": "", "credit_hours": 4.0, "crn": "CSCI-2300", "timeslot": 39}, "model": "course_wizard.course", "pk": 39}, {"fields": {"prereqs": "", "credit_hours": 4.0, "crn": "CSCI-2500", "timeslot": 40}, "model": "course_wizard.course", "pk": 40}, {"fields": {"prereqs": "", "credit_hours": 4.0, "crn": "CSCI-2600", "timeslot": 41}, "model": "course_wizard.course", "pk": 41}, {"fields": {"prereqs": "", "credit_hours": 4.0, "crn": "CSCI-2960", "timeslot": 42}, "model": "course_wizard.course", "pk": 42}, {"fields": {"prereqs": "", "credit_hours": 2.0, "crn": "CSCI-2961", "timeslot": 43}, "model": "course_wizard.course", "pk": 43}, {"fields": {"prereqs": "", "credit_hours": 4.0, "crn": "CSCI-4050", "timeslot": 44}, "model": "course_wizard.course", "pk": 44}, {"fields": {"prereqs": "", "credit_hours": 4.0, "crn": "CSCI-4100", "timeslot": 45}, "model": "course_wizard.course", "pk": 45}, {"fields": {"prereqs": "", "credit_hours": 4.0, "crn": "CSCI-4150", "timeslot": 46}, "model": "course_wizard.course", "pk": 46}, {"fields": {"prereqs": "", "credit_hours": 4.0, "crn": "CSCI-4210", "timeslot": 47}, "model": "course_wizard.course", "pk": 47}, {"fields": {"prereqs": "", "credit_hours": 3.0, "crn": "CSCI-4230", "timeslot": 48}, "model": "course_wizard.course", "pk": 48}, {"fields": {"prereqs": "", "credit_hours": 3.0, "crn": "CSCI-4350", "timeslot": 49}, "model": "course_wizard.course", "pk": 49}, {"fields": {"prereqs": "", "credit_hours": 4.0, "crn": "CSCI-4380", "timeslot": 50}, "model": "course_wizard.course", "pk": 50}, {"fields": {"prereqs": "", "credit_hours": 4.0, "crn": "CSCI-4390", "timeslot": 51}, "model": "course_wizard.course", "pk": 51}, {"fields": {"prereqs": "", "credit_hours": 4.0, "crn": "CSCI-4430", "timeslot": 52}, "model": "course_wizard.course", "pk": 52}, {"fields": {"prereqs": "", "credit_hours": 4.0, "crn": "CSCI-4440", "timeslot": 53}, "model": "course_wizard.course", "pk": 53}, {"fields": {"prereqs": "", "credit_hours": 4.0, "crn": "CSCI-4440", "timeslot": 54}, "model": "course_wizard.course", "pk": 54}, {"fields": {"prereqs": "", "credit_hours": 4.0, "crn": "CSCI-4440", "timeslot": 55}, "model": "course_wizard.course", "pk": 55}, {"fields": {"prereqs": "", "credit_hours": 3.0, "crn": "CSCI-4480", "timeslot": 56}, "model": "course_wizard.course", "pk": 56}, {"fields": {"prereqs": "", "credit_hours": 4.0, "crn": "CSCI-4520", "timeslot": 57}, "model": "course_wizard.course", "pk": 57}, {"fields": {"prereqs": "", "credit_hours": 4.0, "crn": "CSCI-4650", "timeslot": 58}, "model": "course_wizard.course", "pk": 58}, {"fields": {"prereqs": "", "credit_hours": 4.0, "crn": "CSCI-4660", "timeslot": 59}, "model": "course_wizard.course", "pk": 59}, {"fields": {"prereqs": "", "credit_hours": 4.0, "crn": "CSCI-4800", "timeslot": 60}, "model": "course_wizard.course", "pk": 60}, {"fields": {"prereqs": "", "credit_hours": 4.0, "crn": "CSCI-4800", "timeslot": 61}, "model": "course_wizard.course", "pk": 61}, {"fields": {"prereqs": "", "credit_hours": 4.0, "crn": "CSCI-4960", "timeslot": 62}, "model": "course_wizard.course", "pk": 62}, {"fields": {"prereqs": "", "credit_hours": 4.0, "crn": "CSCI-4961", "timeslot": 63}, "model": "course_wizard.course", "pk": 63}, {"fields": {"prereqs": "", "credit_hours": 4.0, "crn": "CSCI-4962", "timeslot": 64}, "model": "course_wizard.course", "pk": 64}, {"fields": {"prereqs": "", "credit_hours": 4.0, "crn": "CSCI-4963", "timeslot": 65}, "model": "course_wizard.course", "pk": 65}, {"fields": {"prereqs": "", "credit_hours": 4.0, "crn": "CSCI-4964", "timeslot": 66}, "model": "course_wizard.course", "pk": 66}, {"fields": {"prereqs": "", "credit_hours": 0.0, "crn": "CSCI-4965", "timeslot": 67}, "model": "course_wizard.course", "pk": 67}, {"fields": {"prereqs": "", "credit_hours": 4.0, "crn": "CSCI-4966", "timeslot": 68}, "model": "course_wizard.course", "pk": 68}, {"fields": {"prereqs": "", "credit_hours": 4.0, "crn": "CSCI-4967", "timeslot": 69}, "model": "course_wizard.course", "pk": 69}, {"fields": {"prereqs": "", "credit_hours": 0.0, "crn": "CSCI-4970", "timeslot": 70}, "model": "course_wizard.course", "pk": 70}, {"fields": {"prereqs": "", "credit_hours": 0.0, "crn": "CSCI-4970", "timeslot": 71}, "model": "course_wizard.course", "pk": 71}, {"fields": {"prereqs": "", "credit_hours": 0.0, "crn": "CSCI-4970", "timeslot": 72}, "model": "course_wizard.course", "pk": 72}, {"fields": {"prereqs": "", "credit_hours": 0.0, "crn": "CSCI-4970", "timeslot": 73}, "model": "course_wizard.course", "pk": 73}, {"fields": {"prereqs": "", "credit_hours": 0.0, "crn": "CSCI-4970", "timeslot": 74}, "model": "course_wizard.course", "pk": 74}, {"fields": {"prereqs": "", "credit_hours": 0.0, "crn": "CSCI-4970", "timeslot": 75}, "model": "course_wizard.course", "pk": 75}, {"fields": {"prereqs": "", "credit_hours": 0.0, "crn": "CSCI-4970", "timeslot": 76}, "model": "course_wizard.course", "pk": 76}, {"fields": {"prereqs": "", "credit_hours": 0.0, "crn": "CSCI-4970", "timeslot": 77}, "model": "course_wizard.course", "pk": 77}, {"fields": {"prereqs": "", "credit_hours": 0.0, "crn": "CSCI-4970", "timeslot": 78}, "model": "course_wizard.course", "pk": 78}, {"fields": {"prereqs": "", "credit_hours": 4.0, "crn": "CSCI-4972", "timeslot": 79}, "model": "course_wizard.course", "pk": 79}, {"fields": {"prereqs": "", "credit_hours": 4.0, "crn": "CSCI-4979", "timeslot": 80}, "model": "course_wizard.course", "pk": 80}, {"fields": {"prereqs": "", "credit_hours": 3.0, "crn": "CSCI-6050", "timeslot": 81}, "model": "course_wizard.course", "pk": 81}, {"fields": {"prereqs": "", "credit_hours": 3.0, "crn": "CSCI-6100", "timeslot": 82}, "model": "course_wizard.course", "pk": 82}, {"fields": {"prereqs": "", "credit_hours": 3.0, "crn": "CSCI-6140", "timeslot": 83}, "model": "course_wizard.course", "pk": 83}, {"fields": {"prereqs": "", "credit_hours": 3.0, "crn": "CSCI-6230", "timeslot": 84}, "model": "course_wizard.course", "pk": 84}, {"fields": {"prereqs": "", "credit_hours": 3.0, "crn": "CSCI-6350", "timeslot": 85}, "model": "course_wizard.course", "pk": 85}, {"fields": {"prereqs": "", "credit_hours": 3.0, "crn": "CSCI-6390", "timeslot": 86}, "model": "course_wizard.course", "pk": 86}, {"fields": {"prereqs": "", "credit_hours": 3.0, "crn": "CSCI-6430", "timeslot": 87}, "model": "course_wizard.course", "pk": 87}, {"fields": {"prereqs": "", "credit_hours": 3.0, "crn": "CSCI-6500", "timeslot": 88}, "model": "course_wizard.course", "pk": 88}, {"fields": {"prereqs": "", "credit_hours": 4.0, "crn": "CSCI-6800", "timeslot": 89}, "model": "course_wizard.course", "pk": 89}, {"fields": {"prereqs": "", "credit_hours": 0.0, "crn": "CSCI-6900", "timeslot": 90}, "model": "course_wizard.course", "pk": 90}, {"fields": {"prereqs": "", "credit_hours": 3.0, "crn": "CSCI-6960", "timeslot": 91}, "model": "course_wizard.course", "pk": 91}, {"fields": {"prereqs": "", "credit_hours": 3.0, "crn": "CSCI-6961", "timeslot": 92}, "model": "course_wizard.course", "pk": 92}, {"fields": {"prereqs": "", "credit_hours": 3.0, "crn": "CSCI-6962", "timeslot": 93}, "model": "course_wizard.course", "pk": 93}, {"fields": {"prereqs": "", "credit_hours": 3.0, "crn": "CSCI-6963", "timeslot": 94}, "model": "course_wizard.course", "pk": 94}, {"fields": {"prereqs": "", "credit_hours": 3.0, "crn": "CSCI-6964", "timeslot": 95}, "model": "course_wizard.course", "pk": 95}, {"fields": {"prereqs": "", "credit_hours": 3.0, "crn": "CSCI-6968", "timeslot": 96}, "model": "course_wizard.course", "pk": 96}, {"fields": {"prereqs": "", "credit_hours": 3.0, "crn": "CSCI-6969", "timeslot": 97}, "model": "course_wizard.course", "pk": 97}, {"fields": {"prereqs": "", "credit_hours": 3.0, "crn": "CSCI-6976", "timeslot": 98}, "model": "course_wizard.course", "pk": 98}, {"fields": {"semester": "FA14"}, "model": "course_wizard.timeslot", "pk": 1}, {"fields": {"semester": "FA14"}, "model": "course_wizard.timeslot", "pk": 2}, {"fields": {"semester": "FA14"}, "model": "course_wizard.timeslot", "pk": 3}, {"fields": {"semester": "FA14"}, "model": "course_wizard.timeslot", "pk": 4}, {"fields": {"semester": "FA14"}, "model": "course_wizard.timeslot", "pk": 5}, {"fields": {"semester": "FA14"}, "model": "course_wizard.timeslot", "pk": 6}, {"fields": {"semester": "FA14"}, "model": "course_wizard.timeslot", "pk": 7}, {"fields": {"semester": "FA14"}, "model": "course_wizard.timeslot", "pk": 8}, {"fields": {"semester": "FA14"}, "model": "course_wizard.timeslot", "pk": 9}, {"fields": {"semester": "FA14"}, "model": "course_wizard.timeslot", "pk": 10}, {"fields": {"semester": "FA14"}, "model": "course_wizard.timeslot", "pk": 11}, {"fields": {"semester": "FA14"}, "model": "course_wizard.timeslot", "pk": 12}, {"fields": {"semester": "FA14"}, "model": "course_wizard.timeslot", "pk": 13}, {"fields": {"semester": "FA14"}, "model": "course_wizard.timeslot", "pk": 14}, {"fields": {"semester": "FA14"}, "model": "course_wizard.timeslot", "pk": 15}, {"fields": {"semester": "FA14"}, "model": "course_wizard.timeslot", "pk": 16}, {"fields": {"semester": "FA14"}, "model": "course_wizard.timeslot", "pk": 17}, {"fields": {"semester": "FA14"}, "model": "course_wizard.timeslot", "pk": 18}, {"fields": {"semester": "FA14"}, "model": "course_wizard.timeslot", "pk": 19}, {"fields": {"semester": "FA14"}, "model": "course_wizard.timeslot", "pk": 20}, {"fields": {"semester": "FA14"}, "model": "course_wizard.timeslot", "pk": 21}, {"fields": {"semester": "FA14"}, "model": "course_wizard.timeslot", "pk": 22}, {"fields": {"semester": "FA14"}, "model": "course_wizard.timeslot", "pk": 23}, {"fields": {"semester": "FA14"}, "model": "course_wizard.timeslot", "pk": 24}, {"fields": {"semester": "FA14"}, "model": "course_wizard.timeslot", "pk": 25}, {"fields": {"semester": "FA14"}, "model": "course_wizard.timeslot", "pk": 26}, {"fields": {"semester": "FA14"}, "model": "course_wizard.timeslot", "pk": 27}, {"fields": {"semester": "FA14"}, "model": "course_wizard.timeslot", "pk": 28}, {"fields": {"semester": "FA14"}, "model": "course_wizard.timeslot", "pk": 29}, {"fields": {"semester": "FA14"}, "model": "course_wizard.timeslot", "pk": 30}, {"fields": {"semester": "FA14"}, "model": "course_wizard.timeslot", "pk": 31}, {"fields": {"semester": "FA14"}, "model": "course_wizard.timeslot", "pk": 32}, {"fields": {"semester": "FA14"}, "model": "course_wizard.timeslot", "pk": 33}, {"fields": {"semester": "FA14"}, "model": "course_wizard.timeslot", "pk": 34}, {"fields": {"semester": "FA14"}, "model": "course_wizard.timeslot", "pk": 35}, {"fields": {"semester": "FA14"}, "model": "course_wizard.timeslot", "pk": 36}, {"fields": {"semester": "FA14"}, "model": "course_wizard.timeslot", "pk": 37}, {"fields": {"semester": "FA14"}, "model": "course_wizard.timeslot", "pk": 38}, {"fields": {"semester": "FA14"}, "model": "course_wizard.timeslot", "pk": 39}, {"fields": {"semester": "FA14"}, "model": "course_wizard.timeslot", "pk": 40}, {"fields": {"semester": "FA14"}, "model": "course_wizard.timeslot", "pk": 41}, {"fields": {"semester": "FA14"}, "model": "course_wizard.timeslot", "pk": 42}, {"fields": {"semester": "FA14"}, "model": "course_wizard.timeslot", "pk": 43}, {"fields": {"semester": "FA14"}, "model": "course_wizard.timeslot", "pk": 44}, {"fields": {"semester": "FA14"}, "model": "course_wizard.timeslot", "pk": 45}, {"fields": {"semester": "FA14"}, "model": "course_wizard.timeslot", "pk": 46}, {"fields": {"semester": "FA14"}, "model": "course_wizard.timeslot", "pk": 47}, {"fields": {"semester": "FA14"}, "model": "course_wizard.timeslot", "pk": 48}, {"fields": {"semester": "FA14"}, "model": "course_wizard.timeslot", "pk": 49}, {"fields": {"semester": "FA14"}, "model": "course_wizard.timeslot", "pk": 50}, {"fields": {"semester": "FA14"}, "model": "course_wizard.timeslot", "pk": 51}, {"fields": {"semester": "FA14"}, "model": "course_wizard.timeslot", "pk": 52}, {"fields": {"semester": "FA14"}, "model": "course_wizard.timeslot", "pk": 53}, {"fields": {"semester": "FA14"}, "model": "course_wizard.timeslot", "pk": 54}, {"fields": {"semester": "FA14"}, "model": "course_wizard.timeslot", "pk": 55}, {"fields": {"semester": "FA14"}, "model": "course_wizard.timeslot", "pk": 56}, {"fields": {"semester": "FA14"}, "model": "course_wizard.timeslot", "pk": 57}, {"fields": {"semester": "FA14"}, "model": "course_wizard.timeslot", "pk": 58}, {"fields": {"semester": "FA14"}, "model": "course_wizard.timeslot", "pk": 59}, {"fields": {"semester": "FA14"}, "model": "course_wizard.timeslot", "pk": 60}, {"fields": {"semester": "FA14"}, "model": "course_wizard.timeslot", "pk": 61}, {"fields": {"semester": "FA14"}, "model": "course_wizard.timeslot", "pk": 62}, {"fields": {"semester": "FA14"}, "model": "course_wizard.timeslot", "pk": 63}, {"fields": {"semester": "FA14"}, "model": "course_wizard.timeslot", "pk": 64}, {"fields": {"semester": "FA14"}, "model": "course_wizard.timeslot", "pk": 65}, {"fields": {"semester": "FA14"}, "model": "course_wizard.timeslot", "pk": 66}, {"fields": {"semester": "FA14"}, "model": "course_wizard.timeslot", "pk": 67}, {"fields": {"semester": "FA14"}, "model": "course_wizard.timeslot", "pk": 68}, {"fields": {"semester": "FA14"}, "model": "course_wizard.timeslot", "pk": 69}, {"fields": {"semester": "FA14"}, "model": "course_wizard.timeslot", "pk": 70}, {"fields": {"semester": "FA14"}, "model": "course_wizard.timeslot", "pk": 71}, {"fields": {"semester": "FA14"}, "model": "course_wizard.timeslot", "pk": 72}, {"fields": {"semester": "FA14"}, "model": "course_wizard.timeslot", "pk": 73}, {"fields": {"semester": "FA14"}, "model": "course_wizard.timeslot", "pk": 74}, {"fields": {"semester": "FA14"}, "model": "course_wizard.timeslot", "pk": 75}, {"fields": {"semester": "FA14"}, "model": "course_wizard.timeslot", "pk": 76}, {"fields": {"semester": "FA14"}, "model": "course_wizard.timeslot", "pk": 77}, {"fields": {"semester": "FA14"}, "model": "course_wizard.timeslot", "pk": 78}, {"fields": {"semester": "FA14"}, "model": "course_wizard.timeslot", "pk": 79}, {"fields": {"semester": "FA14"}, "model": "course_wizard.timeslot", "pk": 80}, {"fields": {"semester": "FA14"}, "model": "course_wizard.timeslot", "pk": 81}, {"fields": {"semester": "FA14"}, "model": "course_wizard.timeslot", "pk": 82}, {"fields": {"semester": "FA14"}, "model": "course_wizard.timeslot", "pk": 83}, {"fields": {"semester": "FA14"}, "model": "course_wizard.timeslot", "pk": 84}, {"fields": {"semester": "FA14"}, "model": "course_wizard.timeslot", "pk": 85}, {"fields": {"semester": "FA14"}, "model": "course_wizard.timeslot", "pk": 86}, {"fields": {"semester": "FA14"}, "model": "course_wizard.timeslot", "pk": 87}, {"fields": {"semester": "FA14"}, "model": "course_wizard.timeslot", "pk": 88}, {"fields": {"semester": "FA14"}, "model": "course_wizard.timeslot", "pk": 89}, {"fields": {"semester": "FA14"}, "model": "course_wizard.timeslot", "pk": 90}, {"fields": {"semester": "FA14"}, "model": "course_wizard.timeslot", "pk": 91}, {"fields": {"semester": "FA14"}, "model": "course_wizard.timeslot", "pk": 92}, {"fields": {"semester": "FA14"}, "model": "course_wizard.timeslot", "pk": 93}, {"fields": {"semester": "FA14"}, "model": "course_wizard.timeslot", "pk": 94}, {"fields": {"semester": "FA14"}, "model": "course_wizard.timeslot", "pk": 95}, {"fields": {"semester": "FA14"}, "model": "course_wizard.timeslot", "pk": 96}, {"fields": {"semester": "FA14"}, "model": "course_wizard.timeslot", "pk": 97}, {"fields": {"semester": "FA14"}, "model": "course_wizard.timeslot", "pk": 98}, {"fields": {"start_time": "08:00:00", "end_time": "09:50:00", "day": "R", "timeslot": 1}, "model": "course_wizard.daytime", "pk": 1}, {"fields": {"start_time": "08:00:00", "end_time": "09:50:00", "day": "M", "timeslot": 1}, "model": "course_wizard.daytime", "pk": 2}, {"fields": {"start_time": "18:00:00", "end_time": "19:50:00", "day": "R", "timeslot": 2}, "model": "course_wizard.daytime", "pk": 3}, {"fields": {"start_time": "18:00:00", "end_time": "19:50:00", "day": "M", "timeslot": 2}, "model": "course_wizard.daytime", "pk": 4}, {"fields": {"start_time": "14:00:00", "end_time": "15:20:00", "day": "R", "timeslot": 3}, "model": "course_wizard.daytime", "pk": 5}, {"fields": {"start_time": "14:00:00", "end_time": "15:20:00", "day": "M", "timeslot": 3}, "model": "course_wizard.daytime", "pk": 6}, {"fields": {"start_time": "14:00:00", "end_time": "15:20:00", "day": "R", "timeslot": 4}, "model": "course_wizard.daytime", "pk": 7}, {"fields": {"start_time": "14:00:00", "end_time": "15:20:00", "day": "M", "timeslot": 4}, "model": "course_wizard.daytime", "pk": 8}, {"fields": {"start_time": "14:00:00", "end_time": "15:20:00", "day": "R", "timeslot": 5}, "model": "course_wizard.daytime", "pk": 9}, {"fields": {"start_time": "14:00:00", "end_time": "15:20:00", "day": "M", "timeslot": 5}, "model": "course_wizard.daytime", "pk": 10}, {"fields": {"start_time": "14:00:00", "end_time": "15:20:00", "day": "R", "timeslot": 6}, "model": "course_wizard.daytime", "pk": 11}, {"fields": {"start_time": "14:00:00", "end_time": "15:20:00", "day": "M", "timeslot": 6}, "model": "course_wizard.daytime", "pk": 12}, {"fields": {"start_time": "14:00:00", "end_time": "15:20:00", "day": "R", "timeslot": 7}, "model": "course_wizard.daytime", "pk": 13}, {"fields": {"start_time": "14:00:00", "end_time": "15:20:00", "day": "M", "timeslot": 7}, "model": "course_wizard.daytime", "pk": 14}, {"fields": {"start_time": "14:00:00", "end_time": "15:20:00", "day": "R", "timeslot": 8}, "model": "course_wizard.daytime", "pk": 15}, {"fields": {"start_time": "14:00:00", "end_time": "15:20:00", "day": "M", "timeslot": 8}, "model": "course_wizard.daytime", "pk": 16}, {"fields": {"start_time": "14:00:00", "end_time": "15:20:00", "day": "R", "timeslot": 9}, "model": "course_wizard.daytime", "pk": 17}, {"fields": {"start_time": "14:00:00", "end_time": "15:20:00", "day": "M", "timeslot": 9}, "model": "course_wizard.daytime", "pk": 18}, {"fields": {"start_time": "14:00:00", "end_time": "15:20:00", "day": "R", "timeslot": 10}, "model": "course_wizard.daytime", "pk": 19}, {"fields": {"start_time": "14:00:00", "end_time": "15:20:00", "day": "M", "timeslot": 10}, "model": "course_wizard.daytime", "pk": 20}, {"fields": {"start_time": "14:00:00", "end_time": "15:20:00", "day": "R", "timeslot": 11}, "model": "course_wizard.daytime", "pk": 21}, {"fields": {"start_time": "14:00:00", "end_time": "15:20:00", "day": "M", "timeslot": 11}, "model": "course_wizard.daytime", "pk": 22}, {"fields": {"start_time": "14:00:00", "end_time": "15:20:00", "day": "R", "timeslot": 12}, "model": "course_wizard.daytime", "pk": 23}, {"fields": {"start_time": "14:00:00", "end_time": "15:20:00", "day": "M", "timeslot": 12}, "model": "course_wizard.daytime", "pk": 24}, {"fields": {"start_time": "14:00:00", "end_time": "15:20:00", "day": "R", "timeslot": 13}, "model": "course_wizard.daytime", "pk": 25}, {"fields": {"start_time": "14:00:00", "end_time": "15:20:00", "day": "M", "timeslot": 13}, "model": "course_wizard.daytime", "pk": 26}, {"fields": {"start_time": "14:00:00", "end_time": "15:20:00", "day": "R", "timeslot": 14}, "model": "course_wizard.daytime", "pk": 27}, {"fields": {"start_time": "14:00:00", "end_time": "15:20:00", "day": "M", "timeslot": 14}, "model": "course_wizard.daytime", "pk": 28}, {"fields": {"start_time": "14:00:00", "end_time": "15:20:00", "day": "R", "timeslot": 15}, "model": "course_wizard.daytime", "pk": 29}, {"fields": {"start_time": "14:00:00", "end_time": "15:20:00", "day": "M", "timeslot": 15}, "model": "course_wizard.daytime", "pk": 30}, {"fields": {"start_time": "14:00:00", "end_time": "15:20:00", "day": "R", "timeslot": 16}, "model": "course_wizard.daytime", "pk": 31}, {"fields": {"start_time": "14:00:00", "end_time": "15:20:00", "day": "M", "timeslot": 16}, "model": "course_wizard.daytime", "pk": 32}, {"fields": {"start_time": "14:00:00", "end_time": "15:20:00", "day": "R", "timeslot": 17}, "model": "course_wizard.daytime", "pk": 33}, {"fields": {"start_time": "14:00:00", "end_time": "15:20:00", "day": "M", "timeslot": 17}, "model": "course_wizard.daytime", "pk": 34}, {"fields": {"start_time": "18:00:00", "end_time": "19:50:00", "day": "T", "timeslot": 18}, "model": "course_wizard.daytime", "pk": 35}, {"fields": {"start_time": "18:00:00", "end_time": "19:50:00", "day": "W", "timeslot": 19}, "model": "course_wizard.daytime", "pk": 36}, {"fields": {"start_time": "18:00:00", "end_time": "19:50:00", "day": "R", "timeslot": 20}, "model": "course_wizard.daytime", "pk": 37}, {"fields": {"start_time": "18:00:00", "end_time": "19:50:00", "day": "M", "timeslot": 21}, "model": "course_wizard.daytime", "pk": 38}, {"fields": {"start_time": "18:00:00", "end_time": "19:50:00", "day": "T", "timeslot": 22}, "model": "course_wizard.daytime", "pk": 39}, {"fields": {"start_time": "18:00:00", "end_time": "19:50:00", "day": "R", "timeslot": 23}, "model": "course_wizard.daytime", "pk": 40}, {"fields": {"start_time": "14:00:00", "end_time": "15:50:00", "day": "T", "timeslot": 24}, "model": "course_wizard.daytime", "pk": 41}, {"fields": {"start_time": "14:00:00", "end_time": "15:50:00", "day": "F", "timeslot": 24}, "model": "course_wizard.daytime", "pk": 42}, {"fields": {"start_time": "10:00:00", "end_time": "11:50:00", "day": "W", "timeslot": 25}, "model": "course_wizard.daytime", "pk": 43}, {"fields": {"start_time": "12:00:00", "end_time": "13:50:00", "day": "W", "timeslot": 26}, "model": "course_wizard.daytime", "pk": 44}, {"fields": {"start_time": "14:00:00", "end_time": "15:50:00", "day": "T", "timeslot": 27}, "model": "course_wizard.daytime", "pk": 45}, {"fields": {"start_time": "14:00:00", "end_time": "15:50:00", "day": "F", "timeslot": 27}, "model": "course_wizard.daytime", "pk": 46}, {"fields": {"start_time": "14:00:00", "end_time": "15:50:00", "day": "T", "timeslot": 28}, "model": "course_wizard.daytime", "pk": 47}, {"fields": {"start_time": "14:00:00", "end_time": "15:50:00", "day": "F", "timeslot": 28}, "model": "course_wizard.daytime", "pk": 48}, {"fields": {"start_time": "14:00:00", "end_time": "15:50:00", "day": "T", "timeslot": 29}, "model": "course_wizard.daytime", "pk": 49}, {"fields": {"start_time": "14:00:00", "end_time": "15:50:00", "day": "F", "timeslot": 29}, "model": "course_wizard.daytime", "pk": 50}, {"fields": {"start_time": "14:00:00", "end_time": "15:50:00", "day": "T", "timeslot": 30}, "model": "course_wizard.daytime", "pk": 51}, {"fields": {"start_time": "14:00:00", "end_time": "15:50:00", "day": "F", "timeslot": 30}, "model": "course_wizard.daytime", "pk": 52}, {"fields": {"start_time": "10:00:00", "end_time": "11:50:00", "day": "R", "timeslot": 31}, "model": "course_wizard.daytime", "pk": 53}, {"fields": {"start_time": "10:00:00", "end_time": "11:50:00", "day": "M", "timeslot": 31}, "model": "course_wizard.daytime", "pk": 54}, {"fields": {"start_time": "10:00:00", "end_time": "11:50:00", "day": "R", "timeslot": 32}, "model": "course_wizard.daytime", "pk": 55}, {"fields": {"start_time": "10:00:00", "end_time": "11:50:00", "day": "M", "timeslot": 32}, "model": "course_wizard.daytime", "pk": 56}, {"fields": {"start_time": "10:00:00", "end_time": "11:50:00", "day": "R", "timeslot": 33}, "model": "course_wizard.daytime", "pk": 57}, {"fields": {"start_time": "10:00:00", "end_time": "11:50:00", "day": "M", "timeslot": 33}, "model": "course_wizard.daytime", "pk": 58}, {"fields": {"start_time": "12:00:00", "end_time": "13:20:00", "day": "R", "timeslot": 34}, "model": "course_wizard.daytime", "pk": 59}, {"fields": {"start_time": "12:00:00", "end_time": "13:20:00", "day": "M", "timeslot": 34}, "model": "course_wizard.daytime", "pk": 60}, {"fields": {"start_time": "12:00:00", "end_time": "13:20:00", "day": "R", "timeslot": 35}, "model": "course_wizard.daytime", "pk": 61}, {"fields": {"start_time": "12:00:00", "end_time": "13:20:00", "day": "M", "timeslot": 35}, "model": "course_wizard.daytime", "pk": 62}, {"fields": {"start_time": "12:00:00", "end_time": "13:20:00", "day": "R", "timeslot": 36}, "model": "course_wizard.daytime", "pk": 63}, {"fields": {"start_time": "12:00:00", "end_time": "13:20:00", "day": "M", "timeslot": 36}, "model": "course_wizard.daytime", "pk": 64}, {"fields": {"start_time": "12:00:00", "end_time": "13:20:00", "day": "R", "timeslot": 37}, "model": "course_wizard.daytime", "pk": 65}, {"fields": {"start_time": "12:00:00", "end_time": "13:20:00", "day": "M", "timeslot": 37}, "model": "course_wizard.daytime", "pk": 66}, {"fields": {"start_time": "12:00:00", "end_time": "13:20:00", "day": "R", "timeslot": 38}, "model": "course_wizard.daytime", "pk": 67}, {"fields": {"start_time": "12:00:00", "end_time": "13:20:00", "day": "M", "timeslot": 38}, "model": "course_wizard.daytime", "pk": 68}, {"fields": {"start_time": "12:00:00", "end_time": "13:20:00", "day": "R", "timeslot": 39}, "model": "course_wizard.daytime", "pk": 69}, {"fields": {"start_time": "12:00:00", "end_time": "13:20:00", "day": "M", "timeslot": 39}, "model": "course_wizard.daytime", "pk": 70}, {"fields": {"start_time": "12:00:00", "end_time": "13:50:00", "day": "T", "timeslot": 40}, "model": "course_wizard.daytime", "pk": 71}, {"fields": {"start_time": "12:00:00", "end_time": "13:50:00", "day": "F", "timeslot": 40}, "model": "course_wizard.daytime", "pk": 72}, {"fields": {"start_time": "14:00:00", "end_time": "15:50:00", "day": "T", "timeslot": 41}, "model": "course_wizard.daytime", "pk": 73}, {"fields": {"start_time": "14:00:00", "end_time": "15:50:00", "day": "F", "timeslot": 41}, "model": "course_wizard.daytime", "pk": 74}, {"fields": {"start_time": "16:00:00", "end_time": "17:50:00", "day": "R", "timeslot": 42}, "model": "course_wizard.daytime", "pk": 75}, {"fields": {"start_time": "16:00:00", "end_time": "17:50:00", "day": "M", "timeslot": 42}, "model": "course_wizard.daytime", "pk": 76}, {"fields": {"start_time": "18:00:00", "end_time": "19:50:00", "day": "T", "timeslot": 43}, "model": "course_wizard.daytime", "pk": 77}, {"fields": {"start_time": "14:00:00", "end_time": "15:50:00", "day": "R", "timeslot": 44}, "model": "course_wizard.daytime", "pk": 78}, {"fields": {"start_time": "14:00:00", "end_time": "15:50:00", "day": "M", "timeslot": 44}, "model": "course_wizard.daytime", "pk": 79}, {"fields": {"start_time": "12:00:00", "end_time": "13:50:00", "day": "T", "timeslot": 45}, "model": "course_wizard.daytime", "pk": 80}, {"fields": {"start_time": "12:00:00", "end_time": "13:50:00", "day": "F", "timeslot": 45}, "model": "course_wizard.daytime", "pk": 81}, {"fields": {"start_time": "10:00:00", "end_time": "11:50:00", "day": "T", "timeslot": 46}, "model": "course_wizard.daytime", "pk": 82}, {"fields": {"start_time": "10:00:00", "end_time": "11:50:00", "day": "F", "timeslot": 46}, "model": "course_wizard.daytime", "pk": 83}, {"fields": {"start_time": "14:00:00", "end_time": "15:50:00", "day": "R", "timeslot": 47}, "model": "course_wizard.daytime", "pk": 84}, {"fields": {"start_time": "14:00:00", "end_time": "15:50:00", "day": "M", "timeslot": 47}, "model": "course_wizard.daytime", "pk": 85}, {"fields": {"start_time": "10:00:00", "end_time": "12:50:00", "day": "W", "timeslot": 48}, "model": "course_wizard.daytime", "pk": 86}, {"fields": {"start_time": "09:00:00", "end_time": "11:50:00", "day": "T", "timeslot": 49}, "model": "course_wizard.daytime", "pk": 87}, {"fields": {"start_time": "12:00:00", "end_time": "13:50:00", "day": "R", "timeslot": 50}, "model": "course_wizard.daytime", "pk": 88}, {"fields": {"start_time": "12:00:00", "end_time": "13:50:00", "day": "M", "timeslot": 50}, "model": "course_wizard.daytime", "pk": 89}, {"fields": {"start_time": "10:00:00", "end_time": "11:50:00", "day": "T", "timeslot": 51}, "model": "course_wizard.daytime", "pk": 90}, {"fields": {"start_time": "10:00:00", "end_time": "11:50:00", "day": "F", "timeslot": 51}, "model": "course_wizard.daytime", "pk": 91}, {"fields": {"start_time": "14:00:00", "end_time": "15:50:00", "day": "T", "timeslot": 52}, "model": "course_wizard.daytime", "pk": 92}, {"fields": {"start_time": "14:00:00", "end_time": "15:50:00", "day": "F", "timeslot": 52}, "model": "course_wizard.daytime", "pk": 93}, {"fields": {"start_time": "16:00:00", "end_time": "17:50:00", "day": "R", "timeslot": 53}, "model": "course_wizard.daytime", "pk": 94}, {"fields": {"start_time": "16:00:00", "end_time": "17:50:00", "day": "M", "timeslot": 53}, "model": "course_wizard.daytime", "pk": 95}, {"fields": {"start_time": "18:00:00", "end_time": "19:50:00", "day": "R", "timeslot": 54}, "model": "course_wizard.daytime", "pk": 96}, {"fields": {"start_time": "18:00:00", "end_time": "19:50:00", "day": "M", "timeslot": 54}, "model": "course_wizard.daytime", "pk": 97}, {"fields": {"start_time": "18:00:00", "end_time": "19:50:00", "day": "R", "timeslot": 55}, "model": "course_wizard.daytime", "pk": 98}, {"fields": {"start_time": "18:00:00", "end_time": "19:50:00", "day": "M", "timeslot": 55}, "model": "course_wizard.daytime", "pk": 99}, {"fields": {"start_time": "12:30:00", "end_time": "13:50:00", "day": "R", "timeslot": 56}, "model": "course_wizard.daytime", "pk": 100}, {"fields": {"start_time": "12:30:00", "end_time": "13:50:00", "day": "M", "timeslot": 56}, "model": "course_wizard.daytime", "pk": 101}, {"fields": {"start_time": "14:00:00", "end_time": "17:50:00", "day": "W", "timeslot": 57}, "model": "course_wizard.daytime", "pk": 102}, {"fields": {"start_time": "18:00:00", "end_time": "19:50:00", "day": "R", "timeslot": 58}, "model": "course_wizard.daytime", "pk": 103}, {"fields": {"start_time": "18:00:00", "end_time": "19:50:00", "day": "T", "timeslot": 58}, "model": "course_wizard.daytime", "pk": 104}, {"fields": {"start_time": "18:00:00", "end_time": "20:50:00", "day": "T", "timeslot": 59}, "model": "course_wizard.daytime", "pk": 105}, {"fields": {"start_time": "10:00:00", "end_time": "11:50:00", "day": "R", "timeslot": 60}, "model": "course_wizard.daytime", "pk": 106}, {"fields": {"start_time": "10:00:00", "end_time": "11:50:00", "day": "M", "timeslot": 60}, "model": "course_wizard.daytime", "pk": 107}, {"fields": {"start_time": "10:00:00", "end_time": "11:50:00", "day": "T", "timeslot": 61}, "model": "course_wizard.daytime", "pk": 108}, {"fields": {"start_time": "10:00:00", "end_time": "11:50:00", "day": "F", "timeslot": 61}, "model": "course_wizard.daytime", "pk": 109}, {"fields": {"start_time": "12:00:00", "end_time": "13:50:00", "day": "T", "timeslot": 62}, "model": "course_wizard.daytime", "pk": 110}, {"fields": {"start_time": "12:00:00", "end_time": "13:50:00", "day": "F", "timeslot": 62}, "model": "course_wizard.daytime", "pk": 111}, {"fields": {"start_time": "10:00:00", "end_time": "11:50:00", "day": "R", "timeslot": 63}, "model": "course_wizard.daytime", "pk": 112}, {"fields": {"start_time": "10:00:00", "end_time": "11:50:00", "day": "M", "timeslot": 63}, "model": "course_wizard.daytime", "pk": 113}, {"fields": {"start_time": "13:00:00", "end_time": "15:50:00", "day": "W", "timeslot": 64}, "model": "course_wizard.daytime", "pk": 114}, {"fields": {"start_time": "12:00:00", "end_time": "13:50:00", "day": "R", "timeslot": 65}, "model": "course_wizard.daytime", "pk": 115}, {"fields": {"start_time": "12:00:00", "end_time": "13:50:00", "day": "M", "timeslot": 65}, "model": "course_wizard.daytime", "pk": 116}, {"fields": {"start_time": "18:00:00", "end_time": "20:50:00", "day": "T", "timeslot": 66}, "model": "course_wizard.daytime", "pk": 117}, {"fields": {"start_time": "16:00:00", "end_time": "17:50:00", "day": "T", "timeslot": 67}, "model": "course_wizard.daytime", "pk": 118}, {"fields": {"start_time": "16:00:00", "end_time": "17:50:00", "day": "F", "timeslot": 67}, "model": "course_wizard.daytime", "pk": 119}, {"fields": {"start_time": "14:00:00", "end_time": "15:50:00", "day": "T", "timeslot": 68}, "model": "course_wizard.daytime", "pk": 120}, {"fields": {"start_time": "14:00:00", "end_time": "15:50:00", "day": "F", "timeslot": 68}, "model": "course_wizard.daytime", "pk": 121}, {"fields": {"start_time": "12:00:00", "end_time": "13:50:00", "day": "R", "timeslot": 69}, "model": "course_wizard.daytime", "pk": 122}, {"fields": {"start_time": "12:00:00", "end_time": "13:50:00", "day": "M", "timeslot": 69}, "model": "course_wizard.daytime", "pk": 123}, {"fields": {"start_time": "16:00:00", "end_time": "17:50:00", "day": "M", "timeslot": 70}, "model": "course_wizard.daytime", "pk": 124}, {"fields": {"start_time": "20:00:00", "end_time": "21:50:00", "day": "M", "timeslot": 71}, "model": "course_wizard.daytime", "pk": 125}, {"fields": {"start_time": "16:00:00", "end_time": "17:50:00", "day": "T", "timeslot": 72}, "model": "course_wizard.daytime", "pk": 126}, {"fields": {"start_time": "20:00:00", "end_time": "21:50:00", "day": "T", "timeslot": 73}, "model": "course_wizard.daytime", "pk": 127}, {"fields": {"start_time": "14:00:00", "end_time": "15:50:00", "day": "W", "timeslot": 74}, "model": "course_wizard.daytime", "pk": 128}, {"fields": {"start_time": "16:00:00", "end_time": "17:50:00", "day": "W", "timeslot": 75}, "model": "course_wizard.daytime", "pk": 129}, {"fields": {"start_time": "20:00:00", "end_time": "21:50:00", "day": "W", "timeslot": 76}, "model": "course_wizard.daytime", "pk": 130}, {"fields": {"start_time": "16:00:00", "end_time": "17:50:00", "day": "R", "timeslot": 77}, "model": "course_wizard.daytime", "pk": 131}, {"fields": {"start_time": "20:00:00", "end_time": "21:50:00", "day": "R", "timeslot": 78}, "model": "course_wizard.daytime", "pk": 132}, {"fields": {"start_time": "16:00:00", "end_time": "17:50:00", "day": "R", "timeslot": 79}, "model": "course_wizard.daytime", "pk": 133}, {"fields": {"start_time": "16:00:00", "end_time": "17:50:00", "day": "M", "timeslot": 79}, "model": "course_wizard.daytime", "pk": 134}, {"fields": {"start_time": "12:00:00", "end_time": "13:50:00", "day": "R", "timeslot": 80}, "model": "course_wizard.daytime", "pk": 135}, {"fields": {"start_time": "12:00:00", "end_time": "13:50:00", "day": "M", "timeslot": 80}, "model": "course_wizard.daytime", "pk": 136}, {"fields": {"start_time": "14:00:00", "end_time": "15:50:00", "day": "R", "timeslot": 81}, "model": "course_wizard.daytime", "pk": 137}, {"fields": {"start_time": "14:00:00", "end_time": "15:50:00", "day": "M", "timeslot": 81}, "model": "course_wizard.daytime", "pk": 138}, {"fields": {"start_time": "12:00:00", "end_time": "13:50:00", "day": "T", "timeslot": 82}, "model": "course_wizard.daytime", "pk": 139}, {"fields": {"start_time": "12:00:00", "end_time": "13:50:00", "day": "F", "timeslot": 82}, "model": "course_wizard.daytime", "pk": 140}, {"fields": {"start_time": "14:00:00", "end_time": "15:50:00", "day": "R", "timeslot": 83}, "model": "course_wizard.daytime", "pk": 141}, {"fields": {"start_time": "14:00:00", "end_time": "15:50:00", "day": "M", "timeslot": 83}, "model": "course_wizard.daytime", "pk": 142}, {"fields": {"start_time": "10:00:00", "end_time": "12:50:00", "day": "W", "timeslot": 84}, "model": "course_wizard.daytime", "pk": 143}, {"fields": {"start_time": "09:00:00", "end_time": "11:50:00", "day": "T", "timeslot": 85}, "model": "course_wizard.daytime", "pk": 144}, {"fields": {"start_time": "10:00:00", "end_time": "11:50:00", "day": "T", "timeslot": 86}, "model": "course_wizard.daytime", "pk": 145}, {"fields": {"start_time": "10:00:00", "end_time": "11:50:00", "day": "F", "timeslot": 86}, "model": "course_wizard.daytime", "pk": 146}, {"fields": {"start_time": "14:00:00", "end_time": "15:50:00", "day": "T", "timeslot": 87}, "model": "course_wizard.daytime", "pk": 147}, {"fields": {"start_time": "14:00:00", "end_time": "15:50:00", "day": "F", "timeslot": 87}, "model": "course_wizard.daytime", "pk": 148}, {"fields": {"start_time": "10:00:00", "end_time": "11:50:00", "day": "R", "timeslot": 88}, "model": "course_wizard.daytime", "pk": 149}, {"fields": {"start_time": "10:00:00", "end_time": "11:50:00", "day": "M", "timeslot": 88}, "model": "course_wizard.daytime", "pk": 150}, {"fields": {"start_time": "10:00:00", "end_time": "11:50:00", "day": "R", "timeslot": 89}, "model": "course_wizard.daytime", "pk": 151}, {"fields": {"start_time": "10:00:00", "end_time": "11:50:00", "day": "M", "timeslot": 89}, "model": "course_wizard.daytime", "pk": 152}, {"fields": {"start_time": "15:30:00", "end_time": "16:50:00", "day": "T", "timeslot": 90}, "model": "course_wizard.daytime", "pk": 153}, {"fields": {"start_time": "12:00:00", "end_time": "13:50:00", "day": "T", "timeslot": 91}, "model": "course_wizard.daytime", "pk": 154}, {"fields": {"start_time": "12:00:00", "end_time": "13:50:00", "day": "F", "timeslot": 91}, "model": "course_wizard.daytime", "pk": 155}, {"fields": {"start_time": "16:00:00", "end_time": "17:50:00", "day": "R", "timeslot": 92}, "model": "course_wizard.daytime", "pk": 156}, {"fields": {"start_time": "16:00:00", "end_time": "17:50:00", "day": "M", "timeslot": 92}, "model": "course_wizard.daytime", "pk": 157}, {"fields": {"start_time": "13:00:00", "end_time": "15:50:00", "day": "W", "timeslot": 93}, "model": "course_wizard.daytime", "pk": 158}, {"fields": {"start_time": "12:00:00", "end_time": "13:50:00", "day": "R", "timeslot": 94}, "model": "course_wizard.daytime", "pk": 159}, {"fields": {"start_time": "12:00:00", "end_time": "13:50:00", "day": "M", "timeslot": 94}, "model": "course_wizard.daytime", "pk": 160}, {"fields": {"start_time": "13:00:00", "end_time": "15:50:00", "day": "W", "timeslot": 95}, "model": "course_wizard.daytime", "pk": 161}, {"fields": {"start_time": "18:00:00", "end_time": "19:50:00", "day": "R", "timeslot": 96}, "model": "course_wizard.daytime", "pk": 162}, {"fields": {"start_time": "18:00:00", "end_time": "19:50:00", "day": "T", "timeslot": 96}, "model": "course_wizard.daytime", "pk": 163}, {"fields": {"start_time": "18:00:00", "end_time": "20:50:00", "day": "T", "timeslot": 97}, "model": "course_wizard.daytime", "pk": 164}, {"fields": {"start_time": "12:00:00", "end_time": "13:50:00", "day": "R", "timeslot": 98}, "model": "course_wizard.daytime", "pk": 165}, {"fields": {"start_time": "12:00:00", "end_time": "13:50:00", "day": "M", "timeslot": 98}, "model": "course_wizard.daytime", "pk": 166}]